{"_step":2,"train_loss":5.435627505690963,"epoch":3,"_timestamp":1.7514737401514792e+09,"_wandb":{"runtime":42},"_runtime":38.238020522}