{"_step":1,"_wandb":{"runtime":94},"train_loss":5.617166270503291,"epoch":2,"_timestamp":1.751473784835496e+09,"_runtime":24.307412722}